{"mode1": {"initial_freq": 520725.582727544, "times": [1748416303.6740463, 1748416473.5257134, 1748416889.4157295, 1748417308.8443148, 1748417722.9832156, 1748418138.6619446, 1748418553.3799198, 1748418964.3728201, 1748419519.654328, 1748419832.6577408, 1748420155.4780304, 1748420467.9422028, 1748420785.954712, 1748421104.1161954, 1748421424.6985598, 1748421741.5738912, 1748422069.3549025, 1748422386.6149914, 1748422710.4014087, 1748422888.0700152, 1748423208.6812563, 1748423531.9479132, 1748423846.7143908, 1748424173.7706327, 1748424485.954258, 1748424812.2332094, 1748425127.7799096, 1748425446.9769092, 1748425763.9054885, 1748426090.7371283, 1748426400.9853947, 1748426726.2922344, 1748427040.921461, 1748427368.722875, 1748427684.3408244, 1748428006.5525458, 1748428321.4585721, 1748428640.069243, 1748428954.2207475, 1748429274.5454328, 1748429557.1424458, 1748429872.5878077, 1748430198.8535264, 1748430510.5957286, 1748430839.4571698, 1748431155.4970617, 1748431477.1419108, 1748431793.0837307, 1748432112.0855443, 1748432422.7493699, 1748432746.8352706, 1748433058.0137835, 1748433376.1583288, 1748433691.552649, 1748434020.8243976, 1748434333.47419, 1748434659.6483734, 1748434970.7554138, 1748435295.4417837, 1748435611.6699185, 1748435932.9282796, 1748436100.8513136, 1748436411.3829844, 1748436736.6357415, 1748437051.0226765, 1748437372.5591316, 1748437684.1177757, 1748438011.0790339, 1748438329.071374, 1748438660.3895326, 1748438975.5438154, 1748439306.0002067, 1748439619.418453, 1748439945.5235872, 1748440263.9696364, 1748440588.9607716, 1748440904.4044209, 1748441224.7596943, 1748441537.3725204, 1748441859.593307, 1748442171.0031047, 1748442501.6275039, 1748442765.662721, 1748443075.7701912, 1748443406.420809, 1748443719.5582407, 1748444043.8348403, 1748444357.7725317, 1748444684.3008142, 1748445004.0255132, 1748445329.3298695, 1748445644.4551215, 1748445964.450476, 1748446276.562929, 1748446595.6265419, 1748446909.4303594, 1748447234.1497066, 1748447545.7634976, 1748447957.9552374, 1748448270.259293], "freqs": [520333.85005866736, 520520.19462107867, 520509.435726203, 520473.75012914836, 520424.53033650666, 520453.7060742676, 520408.3228588551, 520365.85583845526, 520465.2887430787, 520370.224869743, 520412.5789511129, 520382.57733588666, 520370.7699038908, 520354.53128893673, 520365.4353940934, 520332.1072927341, 520387.8277616799, 520363.91046383977, 520326.9390491396, 520236.1640211344, 520381.88217300177, 520294.668784, 520354.96591450274, 520327.2237195, 520364.91516114026, 520303.49652003497, 520394.0298355296, 520377.7770057395, 520358.08554994315, 520387.0358959511, 520238.47115612775, 520363.6646144688, 520337.12262643874, 520288.20935072005, 520342.4517676011, 520276.94462839514, 520324.11531212926, 520370.6968508437, 520299.6317166835, 520362.494654879, 520310.23137031496, 520319.14753136784, 520300.53901326656, 520316.3257705569, 520287.4333658144, 520305.13515851647, 520304.9032200724, 520333.7340049222, 520251.0957427621, 520341.7656459883, 520312.66633436084, 520293.1980436444, 520261.98503497243, 520252.68356145173, 520269.5259260759, 520339.30631085485, 520252.7541709766, 520344.0032163337, 520308.60664494336, 520245.5491984263, 520246.9424284175, 520302.52819246054, 520310.42591322213, 520296.38099788874, 520239.13709833473, 520296.46517998725, 520263.52920074016, 520255.146802105, 520281.99353515357, 520230.0756000504, 520345.69482572377, 520288.39285158366, 520244.8179270029, 520198.9803294763, 520251.99815452844, 520223.5879614949, 520277.0088572204, 520229.76592834294, 520318.512616843, 520274.8468057364, 520244.7565279305, 520226.76987347007, 520171.9311318323, 520218.9028614387, 520276.8983214274, 520296.04514971375, 520335.9222348556, 520200.0682462007, 520251.03562766314, 520260.5917122513, 520293.6828634888, 520287.1498731896, 520224.5057294965, 520219.93361382186, 520199.9551913962, 520272.1706320867, 520370.70273031294, 520290.1315691322, 520300.7141360417, 520305.6674198806], "freq_vars": [41.12173831245324, 23.62308624744332, 17.60590085219203, 56.92099608845383, 58.32873102046344, 47.864360143072986, 21.79987448303685, 27.13147704047061, 59.93407657059642, 50.68915397503965, 31.050671852536613, 44.38751520790396, 43.0019173712402, 34.549298401844105, 31.504386682734633, 29.46995020885667, 32.44058739037375, 43.67998165675357, 43.070897928528716, 36.89374644607756, 37.31346577624389, 27.507911942690395, 26.268433463793077, 44.80867084753775, 57.64003178773869, 46.130766431574465, 13.952837263196312, 44.940087061631246, 43.99275274665316, 37.1363356994623, 34.18171962494928, 41.64386148658753, 38.976806491628814, 29.509523459379686, 53.942823547563876, 35.84135919861978, 39.09775317667976, 27.38353948339345, 34.740670601469695, 45.84014196495946, 24.021875880001545, 64.27762073886146, 57.78385420633924, 39.67617146615442, 46.64675954405328, 21.12349089371867, 40.360311767120486, 61.52950007584316, 39.76824832995893, 34.8438526224245, 76.1635387217764, 36.55984986403115, 60.05854646836309, 49.920855984442625, 50.227077480281416, 47.87438015315201, 58.64106259697678, 39.61363360879606, 24.834046574831113, 47.83610410009316, 55.1334179516801, 22.295790123967794, 45.2276596511722, 41.218958742929146, 34.431527885562794, 45.01878024323401, 39.90829118321647, 32.08389027532711, 59.898710452819294, 45.44845281547063, 41.13402847092608, 64.86026072797546, 56.283115270525634, 39.395526162612505, 71.7104927225094, 20.52395595881099, 53.875414579711624, 47.011141575049606, 48.00185439942409, 52.97408346056036, 64.20286859896369, 55.26586543976974, 116.31222524238301, 40.98077956268199, 48.14061592959841, 41.33963537256748, 60.707380278098064, 43.32192364161942, 33.573101909305215, 85.85757366154756, 70.85852521514323, 59.24936025062198, 26.95385048183134, 52.22515354584425, 68.14951985989337, 89.20650799268532, 70.96847556629069, 56.00530862411651, 58.96213268185685, 21.573599944620298]}, "mode2": {"initial_freq": 903859.7850525007, "times": [1748415922.85548, 1748416172.338673, 1748416528.9743237, 1748416948.8343933, 1748417365.5802047, 1748417777.9380302, 1748418193.4221349, 1748418608.524375, 1748419018.7836063, 1748419575.3756385, 1748419886.6528044, 1748420210.3615131, 1748420523.2846894, 1748420840.862536, 1748421157.3374622, 1748421480.852021, 1748421796.6360717, 1748422128.1593025, 1748422442.9057171, 1748422767.9125557, 1748422946.0035014, 1748423265.0345435, 1748423588.3065808, 1748423902.8212461, 1748424227.6607947, 1748424541.5147383, 1748424868.4211352, 1748425182.5528238, 1748425504.5859957, 1748425819.8976672, 1748426146.0918279, 1748426456.964824, 1748426781.0549414, 1748427097.458278, 1748427426.2965412, 1748427740.2537682, 1748428064.5351944, 1748428375.6979306, 1748428697.2164598, 1748429009.9731197, 1748429330.717788, 1748429611.767243, 1748429929.2160625, 1748430254.9759638, 1748430568.4954667, 1748430897.3739119, 1748431208.6504295, 1748431534.8019364, 1748431849.5789864, 1748432166.2465193, 1748432478.0662513, 1748432800.1203885, 1748433114.158839, 1748433435.0517375, 1748433746.7779076, 1748434074.821219, 1748434388.6723657, 1748434712.9352589, 1748435026.4998236, 1748435351.4251645, 1748435666.8666034, 1748435992.6187139, 1748436154.3915389, 1748436466.8355546, 1748436792.0126052, 1748437107.6550744, 1748437428.68883, 1748437740.081964, 1748438067.9762468, 1748438386.2507432, 1748438717.9424276, 1748439030.2813652, 1748439361.627182, 1748439672.884809, 1748440002.188152, 1748440317.2765203, 1748440645.1861033, 1748440958.6388793, 1748441279.4172983, 1748441592.506408, 1748441916.5111089, 1748442227.6330488, 1748442558.903547, 1748442821.1658478, 1748443132.0851276, 1748443462.8613267, 1748443776.704841, 1748444098.3697152, 1748444418.1164021, 1748444746.0735252, 1748445060.7348654, 1748445384.3789253, 1748445699.9032404, 1748446019.54516, 1748446332.3952231, 1748446652.024492, 1748446965.776277, 1748447290.1753378, 1748447599.0361679, 1748448013.9707658],