{"mode1": {"initial_freq": 520746.96560104284, "times": [1748090143.2689068, 1748090539.6861901, 1748090942.2279952, 1748091347.164109, 1748091749.9569926, 1748092154.248264, 1748092555.533385, 1748092950.4628043, 1748093355.5303838, 1748093758.0863717, 1748094163.6942277, 1748094566.1535196, 1748094964.1320233, 1748095369.0711675, 1748095665.4218261, 1748096070.927274, 1748096467.6332707, 1748096870.652713, 1748097271.3642354, 1748097678.7511506, 1748098077.7697246, 1748098475.5033805, 1748098876.3056972, 1748099278.2252629, 1748099685.492542, 1748100087.2852569, 1748100488.7465167, 1748100885.8882284, 1748101286.1234813, 1748101687.5515573, 1748102090.8973968, 1748102499.7177296, 1748102711.160684, 1748103116.4877634, 1748103519.9908736, 1748103919.402651, 1748104324.7885594, 1748104723.990952, 1748105123.089203, 1748105529.8195732, 1748105930.676404, 1748106333.7279344, 1748106734.766014, 1748107141.123868, 1748107539.6438332, 1748107945.5919156, 1748108341.8625488, 1748108741.5348914, 1748109143.8364263, 1748109541.4473057, 1748109945.492598, 1748110351.1051953, 1748110752.8516066, 1748111153.1384416, 1748111552.1686249, 1748111957.886519, 1748112358.3589516, 1748112759.0850296, 1748113166.810612, 1748113568.081104, 1748113965.2366738, 1748114367.6343153, 1748114774.425298, 1748115173.614236, 1748115577.546501, 1748115975.7422054, 1748116388.931751, 1748116796.361503, 1748117196.8454487, 1748117606.9954202, 1748118005.2908077, 1748118407.8641303, 1748118810.458085, 1748119211.57837, 1748119614.6425393, 1748120016.6422288, 1748120419.5306659, 1748120825.6930344, 1748121226.8314135, 1748121623.3011808, 1748122028.202142, 1748122427.1415987, 1748122838.7328372, 1748123236.7103648, 1748123467.6850965, 1748123874.3782265, 1748124272.728539, 1748124669.6887288, 1748125073.220267, 1748125894.6829789, 1748126297.4409328, 1748126562.28614, 1748126748.4529762, 1748126922.2611523, 1748127111.9944458, 1748127319.9300625, 1748127614.5671165, 1748127835.679085, 1748128081.8280554, 1748128497.4206364], "freqs": [520688.1917614951, 520668.92547427525, 520673.6916544591, 520674.6900123076, 520671.4980163259, 520665.24547218625, 520701.0476888317, 520679.2617353423, 520670.6686309092, 520661.53168833663, 520660.12999087543, 520636.13116168894, 520625.96259865514, 520627.4556101168, 520622.71740432316, 520648.08037449117, 520673.84158925316, 520639.8805412466, 520682.8781378728, 520638.7342540551, 520629.68265590526, 520637.2586026309, 520651.2402260704, 520653.73497466755, 520652.0002982877, 520646.86020913685, 520632.2452042452, 520649.7734840945, 520639.7616175141, 520621.0928542748, 520619.9535660485, 520639.80314774485, 520591.9636805047, 520641.5919529323, 520648.4227999366, 520607.7855960493, 520633.95829868875, 520606.70991445647, 520662.59015269077, 520631.4839383259, 520619.87541599176, 520634.7301770571, 520640.9274921946, 520629.3482610198, 520663.50745760615, 520636.16233107285, 520649.7807618486, 520657.9620905103, 520659.9231716754, 520687.6691585507, 520646.5075112961, 520647.6285621958, 520642.8763895016, 520618.57350724353, 520628.67845875747, 520643.36630954663, 520647.06205176504, 520644.53163078777, 520653.91787543026, 520670.5426515545, 520677.6255586968, 520669.1057266921, 520647.16262508126, 520650.78030682635, 520657.1875956827, 520642.76889854064, 520675.9706744198, 520661.5231987593, 520644.98439655174, 520665.31896222295, 520674.0697287319, 520663.2961119629, 520655.5489515936, 520651.4271862536, 520651.6374465765, 520648.3766071518, 520640.5507865919, 520687.9465965881, 520676.098376111, 520653.93919739744, 520671.5922848787, 520684.2105173671, 520679.4380547867, 520672.91094376415, 520649.9985514284, 520653.85942603054, 520659.34454396187, 520641.3273491161, 520650.4610398873, 520654.4431312982, 520671.1652423845, 520695.6596971536, 520660.0148764188, 520695.02297004045, 520689.75406820467, 520663.93539846654, 520685.48197945347, 520666.80918396526, 520665.2200178504, 520637.8467017375]}, "mode2": {"initial_freq": 903932.9198391605, "times": [1748090227.5941072, 1748090623.9864757, 1748091025.8024654, 1748091430.5363061, 1748091835.4326863, 1748092236.9620183, 1748092636.5765843, 1748093031.0765445, 1748093437.2060492, 1748093843.5002232, 1748094248.900719, 1748094652.3219213, 1748095047.229792, 1748095452.649392, 1748095748.3358872, 1748096152.7319343, 1748096555.5568757, 1748096960.6513598, 1748097352.0157368, 1748097760.5319996, 1748098162.9941123, 1748098560.5558114, 1748098958.1556244, 1748099363.2356856, 1748099772.6571596, 1748100171.6234376, 1748100572.720744, 1748100967.6557262, 1748101367.5063515, 1748101769.8452652, 1748102174.708867, 1748102583.4401486, 1748102794.5549161, 1748103214.846788, 1748103605.8713908, 1748104004.041457, 1748104407.759659, 1748104804.513686, 1748105205.4044528, 1748105612.6706817, 1748106010.5527914, 1748106417.5589542, 1748106816.8350282, 1748107223.8451803, 1748107624.989554, 1748108029.2201796, 1748108430.7719867, 1748108821.5848215, 1748109227.6186893, 1748109624.6833203, 1748110029.4883046, 1748110436.839663, 1748110837.6150758, 1748111240.3849347, 1748111633.9402606, 1748112043.1244981, 1748112440.7847002, 1748112842.73993, 1748113249.5973892, 1748113649.4835124, 1748114049.6345582, 1748114450.2543366, 1748114859.4413626, 1748115256.2958891, 1748115660.8800762, 1748116061.6564596, 1748116468.861925, 1748116880.295115, 1748117280.8312514, 1748117692.995593, 1748118087.1752517, 1748118493.478639, 1748118896.2541308, 1748119292.4412367, 1748119701.672713, 1748120101.3746202, 1748120503.5910773, 1748120909.1228964, 1748121309.528256, 1748121706.668478, 1748122110.1793962, 1748122509.2390823, 1748122921.1950328, 1748123319.4278946, 1748123550.7554445, 1748123958.082756, 1748124355.8536417, 1748124755.1519759, 1748125156.0628216, 1748125978.5485904, 1748126380.5347922, 1748126650.2617724, 1748126826.369699, 1748127005.906465, 1748127194.4841795, 1748127402.6242912, 1748127700.4499927, 1748127918.0944953, 1748128169.5505872, 1748128580.2536895], "freqs": [903803.0413185894, 903719.8518862736, 903726.7916374337, 903758.5314681598, 903751.7706050586, 903763.4868019107, 903735.3328081728, 903712.1164829719, 903784.1008042935, 903773.9659191137, 903770.4814956244, 903755.0767015928, 903757.4421000835, 903731.7509803975, 903751.2539142952, 903734.139794227, 903740.57881555, 903725.4162106381, 903715.7546870988, 903764.7011424208, 903728.9300591082, 903735.0402198562, 903738.3049101391, 903742.3114487419, 903749.2138144535, 903737.1190911885, 903741.0193889708, 903724.7352526343, 903797.493520631, 903717.0575161355, 903723.4150229015, 903722.7348115516, 903749.8908272191, 903757.6129084395, 903767.2536855851, 903735.2970264617, 903716.5511308585, 903727.1096820533, 903728.7206071913, 903718.0101617142, 903725.2152748387, 903713.4510690288, 903732.9098279779, 903767.397962358, 903777.5579220394, 903775.08882544, 903734.6872886578, 903767.6101151662, 903733.0788386965, 903728.8508254148, 903751.415051219, 903738.4378751253, 903788.4121358122, 903723.6242590672, 903751.230974596, 903766.7316828396, 903758.2478868088, 903758.5004554478, 903745.4825801554, 903750.438251286, 903752.844115821, 903760.1683285481, 903759.2830821348, 903746.3042526825, 903774.8939037481, 903808.7314322614, 903778.7539100869, 903824.524110864, 903795.1749465286, 903790.6717336392, 903769.485505845, 903740.857055466, 903740.7869027192, 903805.7802624169, 903793.9921805749, 903777.7516408172, 903778.9535181368, 903771.2428150801, 903785.0039810904, 903748.989708565, 903766.5881349823, 903812.5592817434, 903773.6969515113, 903769.9759024435, 903772.1120518818, 903768.633808805, 903800.9990803937, 903821.4085150916, 903794.2561543996, 903792.9615994785, 903791.1998105152, 903822.5472298504, 903809.9605963205, 903790.9025960438, 903811.3599965123, 903820.8229762665, 903804.5008035116, 903768.5339981858, 903792.6977459383, 903799.0598079104]}, "single_ion": {"initial_freq": 535799.0, "times": [], "freqs": []}}